INSERT INTO main_filiais (id, nome, razao, cnpj, cidade, cadastro) VALUES(1, 'Colorado Máquinas Ribeirão Preto', 'Colorado Comércio de Máquinas Agrícola', '03258870000153', 'Ribeirão Preto', '2022-08-10 20:45:06');
INSERT INTO main_filiais (id, nome, razao, cnpj, cidade, cadastro) VALUES(2, 'Colorado Máquinas Araraquara', 'Colorado Comércio de Máquinas Agrícola', '03258870000234', 'Araraquara', '2022-08-10 20:45:20');
INSERT INTO main_filiais (id, nome, razao, cnpj, cidade, cadastro) VALUES(3, 'Colorado Máquinas Barretos', 'Colorado Comércio de Máquinas Agrícola', '03258870000315', 'Barretos', '2022-08-10 20:45:20');
INSERT INTO main_filiais (id, nome, razao, cnpj, cidade, cadastro) VALUES(4, 'Colorado Máquinas Guaíra', 'Colorado Comércio de Máquinas Agrícola', '03258870000404', 'Guaíra', '2022-08-10 20:45:20');
INSERT INTO main_filiais (id, nome, razao, cnpj, cidade, cadastro) VALUES(5, 'Colorado Máquinas Ituverava', 'Colorado Comércio de Máquinas Agrícola', '03258870000587', 'Ituverava', '2022-08-10 20:45:20');
INSERT INTO main_filiais (id, nome, razao, cnpj, cidade, cadastro) VALUES(6, 'Colorado Máquinas Orlândia', 'Colorado Comércio de Máquinas Agrícola', '03258870000749', 'Orlândia', '2022-08-10 20:45:20');
INSERT INTO main_filiais (id, nome, razao, cnpj, cidade, cadastro) VALUES(7, 'Colorado Máquinas Bebedouro', 'Colorado Comércio de Máquinas Agrícola', '03258870000900', 'Bebedouro', '2022-08-10 20:45:20');
INSERT INTO main_filiais (id, nome, razao, cnpj, cidade, cadastro) VALUES(8, 'Colorado Máquinas Monte Alto', 'Colorado Comércio de Máquinas Agrícola', '03258870001044', 'Monte Alto', '2022-08-10 20:45:20');
INSERT INTO main_filiais (id, nome, razao, cnpj, cidade, cadastro) VALUES(9, 'Colorado Máquinas Franca', 'Colorado Comércio de Máquinas Agrícola', '03258870001125', 'Franca', '2022-08-10 20:45:20');
INSERT INTO main_filiais (id, nome, razao, cnpj, cidade, cadastro) VALUES(10, 'Colorado Máquinas Itápolis', 'Colorado Comércio de Máquinas Agrícola', '03258870001206', 'Itápolis', '2022-08-10 20:45:20');

INSERT INTO main_setores (id, setor, centro_custo, cadastro, tipo, filial_id) VALUES(2, 'Tecnologia da Informação', '30510', '2022-08-05 21:34:47.354614', 'D', 1);
INSERT INTO main_setores (id, setor, centro_custo, cadastro, tipo, filial_id) VALUES(8, 'Inteligencia de Mercado', '30515', '2022-08-10 16:43:38.110781', 'D', 1);
INSERT INTO main_setores (id, setor, centro_custo, cadastro, tipo, filial_id) VALUES(9, 'Máquinas 01', '10307', '2022-08-10 16:45:40.929511', 'R', 1);
INSERT INTO main_setores (id, setor, centro_custo, cadastro, tipo, filial_id) VALUES(10, 'Cotroladoria', '30508', '2022-08-10 16:46:00.779196', 'D', 1);
INSERT INTO main_setores (id, setor, centro_custo, cadastro, tipo, filial_id) VALUES(11, 'Recursos Humanos', '30505', '2022-08-10 16:46:21.426116', 'D', 1);
INSERT INTO main_setores (id, setor, centro_custo, cadastro, tipo, filial_id) VALUES(13, 'Adm Oficina', '10403', '2022-08-10 19:21:51.923756', 'R', 1);
INSERT INTO main_setores (id, setor, centro_custo, cadastro, tipo, filial_id) VALUES(14, 'Gerente Geral de Negócios', '30501', '2022-08-10 20:57:29.868472', 'R', 1);
INSERT INTO main_setores (id, setor, centro_custo, cadastro, tipo, filial_id) VALUES(17, 'Adm Oficina', '10403', '2022-08-11 13:16:52.758366', 'R', 3);
INSERT INTO main_setores (id, setor, centro_custo, cadastro, tipo, filial_id) VALUES(18, 'Logistica e Transporte', '10402', '2022-08-11 18:14:02.274758', 'R', 6);
INSERT INTO main_setores (id, setor, centro_custo, cadastro, tipo, filial_id) VALUES(19, 'CSC', '30807', '2022-08-11 18:15:50.439077', 'R', 4);
INSERT INTO main_setores (id, setor, centro_custo, cadastro, tipo, filial_id) VALUES(20, 'Tecnologia da Informação', '30518', '2022-08-12 20:53:59.152115', 'D', 7);

INSERT INTO main_cargos (id, cargo, cadastro, setor_id, regua_id) VALUES(12, 'Gerente', '2022-08-10 16:46:57.422915', 9, 3);
INSERT INTO main_cargos (id, cargo, cadastro, setor_id, regua_id) VALUES(13, 'Assistente', '2022-08-10 16:47:11.689451', 10, 1);
INSERT INTO main_cargos (id, cargo, cadastro, setor_id, regua_id) VALUES(14, 'Analista', '2022-08-10 16:47:24.083038', 2, 1);
INSERT INTO main_cargos (id, cargo, cadastro, setor_id, regua_id) VALUES(16, 'Coordenador', '2022-08-10 17:39:17.166610', 11, 2);
INSERT INTO main_cargos (id, cargo, cadastro, setor_id, regua_id) VALUES(17, 'Diretor', '2022-08-10 20:58:25.905160', 14, 3);
INSERT INTO main_cargos (id, cargo, cadastro, setor_id, regua_id) VALUES(18, 'Analista', '2022-08-11 13:08:41.865686', 11, 1);
INSERT INTO main_cargos (id, cargo, cadastro, setor_id, regua_id) VALUES(19, 'Analista', '2022-08-11 13:08:58.108753', 8, 1);
INSERT INTO main_cargos (id, cargo, cadastro, setor_id, regua_id) VALUES(20, 'Motorista', '2022-08-11 18:14:19.164250', 18, 1);
INSERT INTO main_cargos (id, cargo, cadastro, setor_id, regua_id) VALUES(21, 'Técnica de Antena e Cabos', '2022-08-11 18:16:23.749060', 19, 2);
INSERT INTO main_cargos (id, cargo, cadastro, setor_id, regua_id) VALUES(22, 'Coordenador', '2022-08-15 19:36:49.629988', 2, 2);

INSERT INTO main_regras (id, regra, peso, meta, cadastro) VALUES(1, 'Lucro Líquido', 25.0, 90.0, '2022-08-18 12:50:40.946750');
INSERT INTO main_regras (id, regra, peso, meta, cadastro) VALUES(2, 'MKT Share', 5.5, 18.6, '2022-08-18 12:50:40.956085');
INSERT INTO main_regras (id, regra, peso, meta, cadastro) VALUES(3, 'EXP Cliente', 5.5, 85.0, '2022-08-05 21:29:12.571748');
INSERT INTO main_regras (id, regra, peso, meta, cadastro) VALUES(4, 'Orçamento', 20.0, 90.0, '2022-08-18 12:51:24.846826');
INSERT INTO main_regras (id, regra, peso, meta, cadastro) VALUES(5, 'Despesa/Venda', 5.5, 12.5, '2022-08-18 12:50:40.965918');
INSERT INTO main_regras (id, regra, peso, meta, cadastro) VALUES(6, 'Individual', 40.0, 85.0, '2022-08-18 12:50:40.971034');

INSERT INTO main_reguas (id, regua, cadastro) VALUES(1, 'Colaborador', '2022-08-08 14:06:43.146562');
INSERT INTO main_reguas (id, regua, cadastro) VALUES(2, 'Coordenador', '2022-08-08 14:07:00.969868');
INSERT INTO main_reguas (id, regua, cadastro) VALUES(3, 'Gerente', '2022-08-08 14:07:06.649478');

INSERT INTO main_classificacao (id, minimo, maximo, valor, regua_id, cadastro) VALUES(1, 0.0, 25.0, 0.0, 1, '2022-08-22 13:56:27.785077');
INSERT INTO main_classificacao (id, minimo, maximo, valor, regua_id, cadastro) VALUES(2, 25.0, 31.0, 0.2, 1, '2022-08-22 13:34:20.412067');
INSERT INTO main_classificacao (id, minimo, maximo, valor, regua_id, cadastro) VALUES(3, 31.0, 51.0, 0.3, 1, '2022-08-22 13:34:20.412067');
INSERT INTO main_classificacao (id, minimo, maximo, valor, regua_id, cadastro) VALUES(4, 51.0, 61.0, 0.4, 1, '2022-08-22 13:34:20.412067');
INSERT INTO main_classificacao (id, minimo, maximo, valor, regua_id, cadastro) VALUES(5, 61.0, 81.0, 0.5, 1, '2022-08-22 13:34:20.412067');
INSERT INTO main_classificacao (id, minimo, maximo, valor, regua_id, cadastro) VALUES(6, 81.0, 90.0, 0.6, 1, '2022-08-22 13:34:20.412067');
INSERT INTO main_classificacao (id, minimo, maximo, valor, regua_id, cadastro) VALUES(7, 90.0, 92.0, 0.75, 1, '2022-08-22 13:34:20.412067');
INSERT INTO main_classificacao (id, minimo, maximo, valor, regua_id, cadastro) VALUES(8, 92.0, 94.0, 0.85, 1, '2022-08-22 13:34:20.412067');
INSERT INTO main_classificacao (id, minimo, maximo, valor, regua_id, cadastro) VALUES(9, 94.0, 96.0, 0.9, 1, '2022-08-22 13:34:20.412067');
INSERT INTO main_classificacao (id, minimo, maximo, valor, regua_id, cadastro) VALUES(10, 96.0, 98.0, 0.95, 1, '2022-08-22 13:34:20.412067');
INSERT INTO main_classificacao (id, minimo, maximo, valor, regua_id, cadastro) VALUES(11, 98.0, 100.0, 1.0, 1, '2022-08-22 13:34:20.412067');
INSERT INTO main_classificacao (id, minimo, maximo, valor, regua_id, cadastro) VALUES(12, 100.0, 102.0, 1.1, 1, '2022-08-22 13:34:20.412067');
INSERT INTO main_classificacao (id, minimo, maximo, valor, regua_id, cadastro) VALUES(13, 102.0, 104.0, 1.2, 1, '2022-08-22 13:34:20.412067');
INSERT INTO main_classificacao (id, minimo, maximo, valor, regua_id, cadastro) VALUES(14, 104.0, 106.0, 1.3, 1, '2022-08-22 13:34:20.412067');
INSERT INTO main_classificacao (id, minimo, maximo, valor, regua_id, cadastro) VALUES(15, 106.0, 108.0, 1.4, 1, '2022-08-22 13:34:20.412067');
INSERT INTO main_classificacao (id, minimo, maximo, valor, regua_id, cadastro) VALUES(16, 108.0, 110.0, 1.45, 1, '2022-08-22 13:34:20.412067');
INSERT INTO main_classificacao (id, minimo, maximo, valor, regua_id, cadastro) VALUES(17, 110.0, 1000.0, 1.5, 1, '2022-08-22 13:34:20.412067');
INSERT INTO main_classificacao (id, minimo, maximo, valor, regua_id, cadastro) VALUES(18, 0.0, 25.0, 0.0, 2, '2022-08-22 13:34:20.412067');
INSERT INTO main_classificacao (id, minimo, maximo, valor, regua_id, cadastro) VALUES(19, 25.0, 31.0, 0.2, 2, '2022-08-22 13:34:20.412067');
INSERT INTO main_classificacao (id, minimo, maximo, valor, regua_id, cadastro) VALUES(20, 31.0, 51.0, 0.3, 2, '2022-08-22 13:34:20.412067');
INSERT INTO main_classificacao (id, minimo, maximo, valor, regua_id, cadastro) VALUES(21, 51.0, 61.0, 0.4, 2, '2022-08-22 13:34:20.412067');
INSERT INTO main_classificacao (id, minimo, maximo, valor, regua_id, cadastro) VALUES(22, 61.0, 81.0, 0.5, 2, '2022-08-22 13:34:20.412067');
INSERT INTO main_classificacao (id, minimo, maximo, valor, regua_id, cadastro) VALUES(23, 81.0, 90.0, 0.6, 2, '2022-08-22 13:34:20.412067');
INSERT INTO main_classificacao (id, minimo, maximo, valor, regua_id, cadastro) VALUES(24, 90.0, 92.0, 0.75, 2, '2022-08-22 13:34:20.412067');
INSERT INTO main_classificacao (id, minimo, maximo, valor, regua_id, cadastro) VALUES(25, 92.0, 94.0, 0.85, 2, '2022-08-22 13:34:20.412067');
INSERT INTO main_classificacao (id, minimo, maximo, valor, regua_id, cadastro) VALUES(26, 94.0, 96.0, 0.9, 2, '2022-08-22 13:34:20.412067');
INSERT INTO main_classificacao (id, minimo, maximo, valor, regua_id, cadastro) VALUES(27, 96.0, 98.0, 0.95, 2, '2022-08-22 13:34:20.412067');
INSERT INTO main_classificacao (id, minimo, maximo, valor, regua_id, cadastro) VALUES(28, 98.0, 100.0, 1.0, 2, '2022-08-22 13:34:20.412067');
INSERT INTO main_classificacao (id, minimo, maximo, valor, regua_id, cadastro) VALUES(29, 100.0, 102.0, 1.1, 2, '2022-08-22 13:34:20.412067');
INSERT INTO main_classificacao (id, minimo, maximo, valor, regua_id, cadastro) VALUES(30, 102.0, 104.0, 1.2, 2, '2022-08-22 13:34:20.412067');
INSERT INTO main_classificacao (id, minimo, maximo, valor, regua_id, cadastro) VALUES(31, 104.0, 106.0, 1.3, 2, '2022-08-22 13:34:20.412067');
INSERT INTO main_classificacao (id, minimo, maximo, valor, regua_id, cadastro) VALUES(32, 106.0, 108.0, 1.4, 2, '2022-08-22 13:34:20.412067');
INSERT INTO main_classificacao (id, minimo, maximo, valor, regua_id, cadastro) VALUES(33, 108.0, 110.0, 1.45, 2, '2022-08-22 13:34:20.412067');
INSERT INTO main_classificacao (id, minimo, maximo, valor, regua_id, cadastro) VALUES(34, 110.0, 1000.0, 1.5, 2, '2022-08-22 13:34:20.412067');
INSERT INTO main_classificacao (id, minimo, maximo, valor, regua_id, cadastro) VALUES(35, 0.0, 25.0, 0.0, 3, '2022-08-22 13:57:25.459959');
INSERT INTO main_classificacao (id, minimo, maximo, valor, regua_id, cadastro) VALUES(36, 25.0, 31.0, 0.2, 3, '2022-08-22 13:34:20.412067');
INSERT INTO main_classificacao (id, minimo, maximo, valor, regua_id, cadastro) VALUES(37, 31.0, 51.0, 0.3, 3, '2022-08-22 13:34:20.412067');
INSERT INTO main_classificacao (id, minimo, maximo, valor, regua_id, cadastro) VALUES(38, 51.0, 61.0, 0.4, 3, '2022-08-22 13:34:20.412067');
INSERT INTO main_classificacao (id, minimo, maximo, valor, regua_id, cadastro) VALUES(39, 61.0, 81.0, 0.5, 3, '2022-08-22 13:34:20.412067');
INSERT INTO main_classificacao (id, minimo, maximo, valor, regua_id, cadastro) VALUES(40, 81.0, 90.0, 0.6, 3, '2022-08-22 13:34:20.412067');
INSERT INTO main_classificacao (id, minimo, maximo, valor, regua_id, cadastro) VALUES(41, 90.0, 92.0, 0.75, 3, '2022-08-22 13:34:20.412067');
INSERT INTO main_classificacao (id, minimo, maximo, valor, regua_id, cadastro) VALUES(42, 92.0, 94.0, 0.85, 3, '2022-08-22 13:34:20.412067');
INSERT INTO main_classificacao (id, minimo, maximo, valor, regua_id, cadastro) VALUES(43, 94.0, 96.0, 0.9, 3, '2022-08-22 13:34:20.412067');
INSERT INTO main_classificacao (id, minimo, maximo, valor, regua_id, cadastro) VALUES(44, 96.0, 98.0, 0.95, 3, '2022-08-22 13:34:20.412067');
INSERT INTO main_classificacao (id, minimo, maximo, valor, regua_id, cadastro) VALUES(45, 98.0, 100.0, 1.0, 3, '2022-08-22 13:34:20.412067');
INSERT INTO main_classificacao (id, minimo, maximo, valor, regua_id, cadastro) VALUES(46, 100.0, 102.0, 1.1, 3, '2022-08-22 13:34:20.412067');
INSERT INTO main_classificacao (id, minimo, maximo, valor, regua_id, cadastro) VALUES(47, 102.0, 104.0, 1.2, 3, '2022-08-22 13:34:20.412067');
INSERT INTO main_classificacao (id, minimo, maximo, valor, regua_id, cadastro) VALUES(48, 104.0, 106.0, 1.3, 3, '2022-08-22 13:34:20.412067');
INSERT INTO main_classificacao (id, minimo, maximo, valor, regua_id, cadastro) VALUES(49, 106.0, 108.0, 1.4, 3, '2022-08-22 13:34:20.412067');
INSERT INTO main_classificacao (id, minimo, maximo, valor, regua_id, cadastro) VALUES(50, 108.0, 110.0, 1.45, 3, '2022-08-22 13:34:20.412067');
INSERT INTO main_classificacao (id, minimo, maximo, valor, regua_id, cadastro) VALUES(51, 110.0, 1000.0, 1.5, 3, '2022-08-22 13:34:20.412067');


INSERT INTO generator_orcamentos (id, margem, cadastro, setor_id) VALUES(1, 98.0, '2022-08-10 17:33:55.715612', 2);
INSERT INTO generator_orcamentos (id, margem, cadastro, setor_id) VALUES(2, 90.0, '2022-08-10 17:30:01.389046', 8);
INSERT INTO generator_orcamentos (id, margem, cadastro, setor_id) VALUES(3, 120.0, '2022-08-10 21:05:25.013591', 9);
INSERT INTO generator_orcamentos (id, margem, cadastro, setor_id) VALUES(4, 89.0, '2022-08-10 17:31:06.481024', 10);
INSERT INTO generator_orcamentos (id, margem, cadastro, setor_id) VALUES(5, 90.0, '2022-08-10 17:33:59.816846', 11);
INSERT INTO generator_orcamentos (id, margem, cadastro, setor_id) VALUES(7, 90.0, '2022-08-15 15:23:34.917456', 13);
INSERT INTO generator_orcamentos (id, margem, cadastro, setor_id) VALUES(8, 102.0, '2022-08-10 21:05:25.044391', 14);
INSERT INTO generator_orcamentos (id, margem, cadastro, setor_id) VALUES(9, 111.0, '2022-08-11 19:37:29.979115', 17);
INSERT INTO generator_orcamentos (id, margem, cadastro, setor_id) VALUES(10, 80.0, '2022-08-11 18:17:01.926654', 18);
INSERT INTO generator_orcamentos (id, margem, cadastro, setor_id) VALUES(11, 200.0, '2022-08-11 19:37:47.850716', 19);
INSERT INTO generator_orcamentos (id, margem, cadastro, setor_id) VALUES(12, 96.0, '2022-08-12 20:54:12.997755', 20);

INSERT INTO generator_margens (id, margem, cadastro, regra_id) VALUES(1, 95.0, '2022-08-18 12:52:31.877413', 1);
INSERT INTO generator_margens (id, margem, cadastro, regra_id) VALUES(2, 20.0, '2022-08-18 12:52:31.885877', 2);
INSERT INTO generator_margens (id, margem, cadastro, regra_id) VALUES(3, 85.0, '2022-08-10 17:34:11.425933', 3);
INSERT INTO generator_margens (id, margem, cadastro, regra_id) VALUES(4, 12.0, '2022-08-10 19:20:08.276121', 5);

INSERT INTO generator_funcionarios (id, nome, codigo, margem, salario, cadastro, cargo_id, inicio, fim) VALUES(2, 'Gustavo Lisi Dias', '52246802', 98.0, 3000.0, '2022-08-11 12:56:44.075098', 14, '2022-01-01', '2023-01-01');
INSERT INTO generator_funcionarios (id, nome, codigo, margem, salario, cadastro, cargo_id, inicio, fim) VALUES(6, 'Walter Morando', '52246803', 92.0, 3000.0, '2022-08-11 13:27:35.160287', 12, '2022-01-01', '2022-10-01');
INSERT INTO generator_funcionarios (id, nome, codigo, margem, salario, cadastro, cargo_id, inicio, fim) VALUES(9, 'Eduardo Costa Oliveira', '52246800', 95.0, 1800.0, '2022-08-11 18:15:11.363554', 20, '2022-01-01', '2022-10-01');
INSERT INTO generator_funcionarios (id, nome, codigo, margem, salario, cadastro, cargo_id, inicio, fim) VALUES(10, 'Anelize Teixeira', '52246804', 92.0, 2000.0, '2022-08-11 18:17:35.927325', 21, '2022-01-01', '2022-10-01');
INSERT INTO generator_funcionarios (id, nome, codigo, margem, salario, cadastro, cargo_id, inicio, fim) VALUES(11, 'Erasmo Pereira', '52246808', 92.0, 1500.0, '2022-08-12 20:51:19.387232', 12, '2022-01-01', '2022-10-01');

INSERT INTO main_formacao (id, matricula, funcionario, cargo, setor, tipo, filial, ll_peso, ll_meta, ll_atingido, ll_margem, ms_peso, ms_meta, ms_atingido, ms_margem, ec_peso, ec_meta, ec_atingido, ec_margem, dv_peso, dv_meta, dv_atingido, dv_margem, oc_peso, oc_meta, oc_atingido, oc_margem, ii_peso, ii_meta, ii_atingido, ii_margem, salario, margem_total, nome_regua, valor_regua, premio_total, status, cadastro, id_grupo) VALUES(16, '52246804', 'Anelize Teixeira', 'Técnica de Antena e Cabos', 'CSC', 'R', 'Colorado Máquinas Guaíra', 25.0, 90.0, 95.0, 23.75, 5.5, 18.6, 20.0, 5.5, 5.5, 85.0, 85.0, 5.5, 5.5, 12.5, 12.0, 5.5, 20.0, 90.0, 200.0, 22.0, 40.0, 85.0, 92.0, 38.6618, 2000.0, 100.91, 'Coordenador', 1.1, 2200.0, 0, '2022-08-22 12:34:50.310008', 1);
INSERT INTO main_formacao (id, matricula, funcionario, cargo, setor, tipo, filial, ll_peso, ll_meta, ll_atingido, ll_margem, ms_peso, ms_meta, ms_atingido, ms_margem, ec_peso, ec_meta, ec_atingido, ec_margem, dv_peso, dv_meta, dv_atingido, dv_margem, oc_peso, oc_meta, oc_atingido, oc_margem, ii_peso, ii_meta, ii_atingido, ii_margem, salario, margem_total, nome_regua, valor_regua, premio_total, status, cadastro, id_grupo) VALUES(17, '52246800', 'Eduardo Costa Oliveira', 'Motorista', 'Logistica e Transporte', 'R', 'Colorado Máquinas Orlândia', 25.0, 90.0, 95.0, 23.75, 5.5, 18.6, 20.0, 5.5, 5.5, 85.0, 85.0, 5.5, 5.5, 12.5, 12.0, 5.5, 20.0, 90.0, 80.0, 0.0, 40.0, 85.0, 95.0, 40.667, 1800.0, 80.92, 'Colaborador', 0.5, 900.0, 0, '2022-08-22 12:34:50.316992', 1);
INSERT INTO main_formacao (id, matricula, funcionario, cargo, setor, tipo, filial, ll_peso, ll_meta, ll_atingido, ll_margem, ms_peso, ms_meta, ms_atingido, ms_margem, ec_peso, ec_meta, ec_atingido, ec_margem, dv_peso, dv_meta, dv_atingido, dv_margem, oc_peso, oc_meta, oc_atingido, oc_margem, ii_peso, ii_meta, ii_atingido, ii_margem, salario, margem_total, nome_regua, valor_regua, premio_total, status, cadastro, id_grupo) VALUES(18, '52246808', 'Erasmo Pereira', 'Gerente', 'Máquinas 01', 'R', 'Colorado Máquinas Ribeirão Preto', 25.0, 90.0, 95.0, 23.75, 5.5, 18.6, 20.0, 5.5, 5.5, 85.0, 85.0, 5.5, 5.5, 12.5, 12.0, 5.5, 20.0, 90.0, 120.0, 22.0, 40.0, 85.0, 92.0, 38.6618, 1500.0, 100.91, 'Gerente', 1.1, 1650.0000000000002, 0, '2022-08-22 12:34:50.322974', 1);
INSERT INTO main_formacao (id, matricula, funcionario, cargo, setor, tipo, filial, ll_peso, ll_meta, ll_atingido, ll_margem, ms_peso, ms_meta, ms_atingido, ms_margem, ec_peso, ec_meta, ec_atingido, ec_margem, dv_peso, dv_meta, dv_atingido, dv_margem, oc_peso, oc_meta, oc_atingido, oc_margem, ii_peso, ii_meta, ii_atingido, ii_margem, salario, margem_total, nome_regua, valor_regua, premio_total, status, cadastro, id_grupo) VALUES(19, '52246802', 'Gustavo Lisi Dias', 'Analista', 'Tecnologia da Informação', 'D', 'Colorado Máquinas Ribeirão Preto', 25.0, 90.0, 95.0, 23.75, 5.5, 18.6, 20.0, 5.5, 5.5, 85.0, 85.0, 5.5, 5.5, 12.5, 12.0, 5.5, 20.0, 90.0, 98.0, 20.0, 40.0, 85.0, 98.0, 42.67219999999999, 3000.0, 102.92, 'Colaborador', 1.2, 3600.0, 0, '2022-08-22 12:34:50.326962', 1);
INSERT INTO main_formacao (id, matricula, funcionario, cargo, setor, tipo, filial, ll_peso, ll_meta, ll_atingido, ll_margem, ms_peso, ms_meta, ms_atingido, ms_margem, ec_peso, ec_meta, ec_atingido, ec_margem, dv_peso, dv_meta, dv_atingido, dv_margem, oc_peso, oc_meta, oc_atingido, oc_margem, ii_peso, ii_meta, ii_atingido, ii_margem, salario, margem_total, nome_regua, valor_regua, premio_total, status, cadastro, id_grupo) VALUES(20, '52246803', 'Walter Morando', 'Gerente', 'Máquinas 01', 'R', 'Colorado Máquinas Ribeirão Preto', 25.0, 90.0, 95.0, 23.75, 5.5, 18.6, 20.0, 5.5, 5.5, 85.0, 85.0, 5.5, 5.5, 12.5, 12.0, 5.5, 20.0, 90.0, 120.0, 22.0, 40.0, 85.0, 92.0, 38.6618, 3000.0, 100.91, 'Gerente', 1.1, 3300.0000000000005, 0, '2022-08-22 12:34:50.332948', 1);
INSERT INTO main_formacao (id, matricula, funcionario, cargo, setor, tipo, filial, ll_peso, ll_meta, ll_atingido, ll_margem, ms_peso, ms_meta, ms_atingido, ms_margem, ec_peso, ec_meta, ec_atingido, ec_margem, dv_peso, dv_meta, dv_atingido, dv_margem, oc_peso, oc_meta, oc_atingido, oc_margem, ii_peso, ii_meta, ii_atingido, ii_margem, salario, margem_total, nome_regua, valor_regua, premio_total, status, cadastro, id_grupo) VALUES(21, '52246804', 'Anelize Teixeira', 'Técnica de Antena e Cabos', 'CSC', 'R', 'Colorado Máquinas Guaíra', 25.0, 90.0, 95.0, 23.75, 5.5, 18.6, 20.0, 5.5, 5.5, 85.0, 85.0, 5.5, 5.5, 12.5, 12.0, 5.5, 20.0, 90.0, 200.0, 22.0, 40.0, 85.0, 92.0, 38.6618, 2000.0, 100.91, 'Coordenador', 1.1, 2200.0, 0, '2022-08-22 12:35:04.758465', 2);
INSERT INTO main_formacao (id, matricula, funcionario, cargo, setor, tipo, filial, ll_peso, ll_meta, ll_atingido, ll_margem, ms_peso, ms_meta, ms_atingido, ms_margem, ec_peso, ec_meta, ec_atingido, ec_margem, dv_peso, dv_meta, dv_atingido, dv_margem, oc_peso, oc_meta, oc_atingido, oc_margem, ii_peso, ii_meta, ii_atingido, ii_margem, salario, margem_total, nome_regua, valor_regua, premio_total, status, cadastro, id_grupo) VALUES(22, '52246800', 'Eduardo Costa Oliveira', 'Motorista', 'Logistica e Transporte', 'R', 'Colorado Máquinas Orlândia', 25.0, 90.0, 95.0, 23.75, 5.5, 18.6, 20.0, 5.5, 5.5, 85.0, 85.0, 5.5, 5.5, 12.5, 12.0, 5.5, 20.0, 90.0, 80.0, 0.0, 40.0, 85.0, 95.0, 40.667, 1800.0, 80.92, 'Colaborador', 0.5, 900.0, 0, '2022-08-22 12:35:04.771389', 2);
INSERT INTO main_formacao (id, matricula, funcionario, cargo, setor, tipo, filial, ll_peso, ll_meta, ll_atingido, ll_margem, ms_peso, ms_meta, ms_atingido, ms_margem, ec_peso, ec_meta, ec_atingido, ec_margem, dv_peso, dv_meta, dv_atingido, dv_margem, oc_peso, oc_meta, oc_atingido, oc_margem, ii_peso, ii_meta, ii_atingido, ii_margem, salario, margem_total, nome_regua, valor_regua, premio_total, status, cadastro, id_grupo) VALUES(23, '52246808', 'Erasmo Pereira', 'Gerente', 'Máquinas 01', 'R', 'Colorado Máquinas Ribeirão Preto', 25.0, 90.0, 95.0, 23.75, 5.5, 18.6, 20.0, 5.5, 5.5, 85.0, 85.0, 5.5, 5.5, 12.5, 12.0, 5.5, 20.0, 90.0, 120.0, 22.0, 40.0, 85.0, 92.0, 38.6618, 1500.0, 100.91, 'Gerente', 1.1, 1650.0000000000002, 0, '2022-08-22 12:35:04.777116', 2);
INSERT INTO main_formacao (id, matricula, funcionario, cargo, setor, tipo, filial, ll_peso, ll_meta, ll_atingido, ll_margem, ms_peso, ms_meta, ms_atingido, ms_margem, ec_peso, ec_meta, ec_atingido, ec_margem, dv_peso, dv_meta, dv_atingido, dv_margem, oc_peso, oc_meta, oc_atingido, oc_margem, ii_peso, ii_meta, ii_atingido, ii_margem, salario, margem_total, nome_regua, valor_regua, premio_total, status, cadastro, id_grupo) VALUES(24, '52246802', 'Gustavo Lisi Dias', 'Analista', 'Tecnologia da Informação', 'D', 'Colorado Máquinas Ribeirão Preto', 25.0, 90.0, 95.0, 23.75, 5.5, 18.6, 20.0, 5.5, 5.5, 85.0, 85.0, 5.5, 5.5, 12.5, 12.0, 5.5, 20.0, 90.0, 98.0, 20.0, 40.0, 85.0, 98.0, 42.67219999999999, 3000.0, 102.92, 'Colaborador', 1.2, 3600.0, 0, '2022-08-22 12:35:04.782101', 2);
INSERT INTO main_formacao (id, matricula, funcionario, cargo, setor, tipo, filial, ll_peso, ll_meta, ll_atingido, ll_margem, ms_peso, ms_meta, ms_atingido, ms_margem, ec_peso, ec_meta, ec_atingido, ec_margem, dv_peso, dv_meta, dv_atingido, dv_margem, oc_peso, oc_meta, oc_atingido, oc_margem, ii_peso, ii_meta, ii_atingido, ii_margem, salario, margem_total, nome_regua, valor_regua, premio_total, status, cadastro, id_grupo) VALUES(25, '52246803', 'Walter Morando', 'Gerente', 'Máquinas 01', 'R', 'Colorado Máquinas Ribeirão Preto', 25.0, 90.0, 95.0, 23.75, 5.5, 18.6, 20.0, 5.5, 5.5, 85.0, 85.0, 5.5, 5.5, 12.5, 12.0, 5.5, 20.0, 90.0, 120.0, 22.0, 40.0, 85.0, 92.0, 38.6618, 3000.0, 100.91, 'Gerente', 1.1, 3300.0000000000005, 0, '2022-08-22 12:35:04.790488', 2);
INSERT INTO main_formacao (id, matricula, funcionario, cargo, setor, tipo, filial, ll_peso, ll_meta, ll_atingido, ll_margem, ms_peso, ms_meta, ms_atingido, ms_margem, ec_peso, ec_meta, ec_atingido, ec_margem, dv_peso, dv_meta, dv_atingido, dv_margem, oc_peso, oc_meta, oc_atingido, oc_margem, ii_peso, ii_meta, ii_atingido, ii_margem, salario, margem_total, nome_regua, valor_regua, premio_total, status, cadastro, id_grupo) VALUES(26, '52246804', 'Anelize Teixeira', 'Técnica de Antena e Cabos', 'CSC', 'R', 'Colorado Máquinas Guaíra', 25.0, 90.0, 95.0, 23.75, 5.5, 18.6, 20.0, 5.5, 5.5, 85.0, 85.0, 5.5, 5.5, 12.5, 12.0, 5.5, 20.0, 90.0, 200.0, 22.0, 40.0, 85.0, 92.0, 38.6618, 2000.0, 100.91, 'Coordenador', 1.1, 2200.0, 0, '2022-08-22 12:51:23.479736', 3);
INSERT INTO main_formacao (id, matricula, funcionario, cargo, setor, tipo, filial, ll_peso, ll_meta, ll_atingido, ll_margem, ms_peso, ms_meta, ms_atingido, ms_margem, ec_peso, ec_meta, ec_atingido, ec_margem, dv_peso, dv_meta, dv_atingido, dv_margem, oc_peso, oc_meta, oc_atingido, oc_margem, ii_peso, ii_meta, ii_atingido, ii_margem, salario, margem_total, nome_regua, valor_regua, premio_total, status, cadastro, id_grupo) VALUES(27, '52246800', 'Eduardo Costa Oliveira', 'Motorista', 'Logistica e Transporte', 'R', 'Colorado Máquinas Orlândia', 25.0, 90.0, 95.0, 23.75, 5.5, 18.6, 20.0, 5.5, 5.5, 85.0, 85.0, 5.5, 5.5, 12.5, 12.0, 5.5, 20.0, 90.0, 80.0, 0.0, 40.0, 85.0, 95.0, 40.667, 1800.0, 80.92, 'Colaborador', 0.5, 900.0, 0, '2022-08-22 12:51:23.484724', 3);
INSERT INTO main_formacao (id, matricula, funcionario, cargo, setor, tipo, filial, ll_peso, ll_meta, ll_atingido, ll_margem, ms_peso, ms_meta, ms_atingido, ms_margem, ec_peso, ec_meta, ec_atingido, ec_margem, dv_peso, dv_meta, dv_atingido, dv_margem, oc_peso, oc_meta, oc_atingido, oc_margem, ii_peso, ii_meta, ii_atingido, ii_margem, salario, margem_total, nome_regua, valor_regua, premio_total, status, cadastro, id_grupo) VALUES(28, '52246808', 'Erasmo Pereira', 'Gerente', 'Máquinas 01', 'R', 'Colorado Máquinas Ribeirão Preto', 25.0, 90.0, 95.0, 23.75, 5.5, 18.6, 20.0, 5.5, 5.5, 85.0, 85.0, 5.5, 5.5, 12.5, 12.0, 5.5, 20.0, 90.0, 120.0, 22.0, 40.0, 85.0, 92.0, 38.6618, 1500.0, 100.91, 'Gerente', 1.1, 1650.0000000000002, 0, '2022-08-22 12:51:23.489710', 3);
INSERT INTO main_formacao (id, matricula, funcionario, cargo, setor, tipo, filial, ll_peso, ll_meta, ll_atingido, ll_margem, ms_peso, ms_meta, ms_atingido, ms_margem, ec_peso, ec_meta, ec_atingido, ec_margem, dv_peso, dv_meta, dv_atingido, dv_margem, oc_peso, oc_meta, oc_atingido, oc_margem, ii_peso, ii_meta, ii_atingido, ii_margem, salario, margem_total, nome_regua, valor_regua, premio_total, status, cadastro, id_grupo) VALUES(29, '52246802', 'Gustavo Lisi Dias', 'Analista', 'Tecnologia da Informação', 'D', 'Colorado Máquinas Ribeirão Preto', 25.0, 90.0, 95.0, 23.75, 5.5, 18.6, 20.0, 5.5, 5.5, 85.0, 85.0, 5.5, 5.5, 12.5, 12.0, 5.5, 20.0, 90.0, 98.0, 20.0, 40.0, 85.0, 98.0, 42.67219999999999, 3000.0, 102.92, 'Colaborador', 1.2, 3600.0, 0, '2022-08-22 12:51:23.494198', 3);
INSERT INTO main_formacao (id, matricula, funcionario, cargo, setor, tipo, filial, ll_peso, ll_meta, ll_atingido, ll_margem, ms_peso, ms_meta, ms_atingido, ms_margem, ec_peso, ec_meta, ec_atingido, ec_margem, dv_peso, dv_meta, dv_atingido, dv_margem, oc_peso, oc_meta, oc_atingido, oc_margem, ii_peso, ii_meta, ii_atingido, ii_margem, salario, margem_total, nome_regua, valor_regua, premio_total, status, cadastro, id_grupo) VALUES(30, '52246803', 'Walter Morando', 'Gerente', 'Máquinas 01', 'R', 'Colorado Máquinas Ribeirão Preto', 25.0, 90.0, 95.0, 23.75, 5.5, 18.6, 20.0, 5.5, 5.5, 85.0, 85.0, 5.5, 5.5, 12.5, 12.0, 5.5, 20.0, 90.0, 120.0, 22.0, 40.0, 85.0, 92.0, 38.6618, 3000.0, 100.91, 'Gerente', 1.1, 3300.0000000000005, 0, '2022-08-22 12:51:23.500183', 3);
INSERT INTO main_formacao (id, matricula, funcionario, cargo, setor, tipo, filial, ll_peso, ll_meta, ll_atingido, ll_margem, ms_peso, ms_meta, ms_atingido, ms_margem, ec_peso, ec_meta, ec_atingido, ec_margem, dv_peso, dv_meta, dv_atingido, dv_margem, oc_peso, oc_meta, oc_atingido, oc_margem, ii_peso, ii_meta, ii_atingido, ii_margem, salario, margem_total, nome_regua, valor_regua, premio_total, status, cadastro, id_grupo) VALUES(31, '52246804', 'Anelize Teixeira', 'Técnica de Antena e Cabos', 'CSC', 'R', 'Colorado Máquinas Guaíra', 25.0, 90.0, 95.0, 23.75, 5.5, 18.6, 20.0, 5.5, 5.5, 85.0, 85.0, 5.5, 5.5, 12.5, 12.0, 5.5, 20.0, 90.0, 200.0, 22.0, 40.0, 85.0, 92.0, 38.6618, 2000.0, 100.91, 'Coordenador', 1.1, 2200.0, 0, '2022-08-22 15:53:06.672800', 4);
INSERT INTO main_formacao (id, matricula, funcionario, cargo, setor, tipo, filial, ll_peso, ll_meta, ll_atingido, ll_margem, ms_peso, ms_meta, ms_atingido, ms_margem, ec_peso, ec_meta, ec_atingido, ec_margem, dv_peso, dv_meta, dv_atingido, dv_margem, oc_peso, oc_meta, oc_atingido, oc_margem, ii_peso, ii_meta, ii_atingido, ii_margem, salario, margem_total, nome_regua, valor_regua, premio_total, status, cadastro, id_grupo) VALUES(32, '52246800', 'Eduardo Costa Oliveira', 'Motorista', 'Logistica e Transporte', 'R', 'Colorado Máquinas Orlândia', 25.0, 90.0, 95.0, 23.75, 5.5, 18.6, 20.0, 5.5, 5.5, 85.0, 85.0, 5.5, 5.5, 12.5, 12.0, 5.5, 20.0, 90.0, 80.0, 0.0, 40.0, 85.0, 95.0, 40.667, 1800.0, 80.92, 'Colaborador', 0.5, 900.0, 0, '2022-08-22 15:53:06.691854', 4);
INSERT INTO main_formacao (id, matricula, funcionario, cargo, setor, tipo, filial, ll_peso, ll_meta, ll_atingido, ll_margem, ms_peso, ms_meta, ms_atingido, ms_margem, ec_peso, ec_meta, ec_atingido, ec_margem, dv_peso, dv_meta, dv_atingido, dv_margem, oc_peso, oc_meta, oc_atingido, oc_margem, ii_peso, ii_meta, ii_atingido, ii_margem, salario, margem_total, nome_regua, valor_regua, premio_total, status, cadastro, id_grupo) VALUES(33, '52246808', 'Erasmo Pereira', 'Gerente', 'Máquinas 01', 'R', 'Colorado Máquinas Ribeirão Preto', 25.0, 90.0, 95.0, 23.75, 5.5, 18.6, 20.0, 5.5, 5.5, 85.0, 85.0, 5.5, 5.5, 12.5, 12.0, 5.5, 20.0, 90.0, 120.0, 22.0, 40.0, 85.0, 92.0, 38.6618, 1500.0, 100.91, 'Gerente', 1.1, 1650.0000000000002, 0, '2022-08-22 15:53:06.697658', 4);
INSERT INTO main_formacao (id, matricula, funcionario, cargo, setor, tipo, filial, ll_peso, ll_meta, ll_atingido, ll_margem, ms_peso, ms_meta, ms_atingido, ms_margem, ec_peso, ec_meta, ec_atingido, ec_margem, dv_peso, dv_meta, dv_atingido, dv_margem, oc_peso, oc_meta, oc_atingido, oc_margem, ii_peso, ii_meta, ii_atingido, ii_margem, salario, margem_total, nome_regua, valor_regua, premio_total, status, cadastro, id_grupo) VALUES(34, '52246802', 'Gustavo Lisi Dias', 'Analista', 'Tecnologia da Informação', 'D', 'Colorado Máquinas Ribeirão Preto', 25.0, 90.0, 95.0, 23.75, 5.5, 18.6, 20.0, 5.5, 5.5, 85.0, 85.0, 5.5, 5.5, 12.5, 12.0, 5.5, 20.0, 90.0, 98.0, 20.0, 40.0, 85.0, 98.0, 42.67219999999999, 3000.0, 102.92, 'Colaborador', 1.2, 3600.0, 0, '2022-08-22 15:53:06.705341', 4);
INSERT INTO main_formacao (id, matricula, funcionario, cargo, setor, tipo, filial, ll_peso, ll_meta, ll_atingido, ll_margem, ms_peso, ms_meta, ms_atingido, ms_margem, ec_peso, ec_meta, ec_atingido, ec_margem, dv_peso, dv_meta, dv_atingido, dv_margem, oc_peso, oc_meta, oc_atingido, oc_margem, ii_peso, ii_meta, ii_atingido, ii_margem, salario, margem_total, nome_regua, valor_regua, premio_total, status, cadastro, id_grupo) VALUES(35, '52246803', 'Walter Morando', 'Gerente', 'Máquinas 01', 'R', 'Colorado Máquinas Ribeirão Preto', 25.0, 90.0, 95.0, 23.75, 5.5, 18.6, 20.0, 5.5, 5.5, 85.0, 85.0, 5.5, 5.5, 12.5, 12.0, 5.5, 20.0, 90.0, 120.0, 22.0, 40.0, 85.0, 92.0, 38.6618, 3000.0, 100.91, 'Gerente', 1.1, 3300.0000000000005, 0, '2022-08-22 15:53:06.711230', 4);
INSERT INTO main_formacao (id, matricula, funcionario, cargo, setor, tipo, filial, ll_peso, ll_meta, ll_atingido, ll_margem, ms_peso, ms_meta, ms_atingido, ms_margem, ec_peso, ec_meta, ec_atingido, ec_margem, dv_peso, dv_meta, dv_atingido, dv_margem, oc_peso, oc_meta, oc_atingido, oc_margem, ii_peso, ii_meta, ii_atingido, ii_margem, salario, margem_total, nome_regua, valor_regua, premio_total, status, cadastro, id_grupo) VALUES(36, '52246804', 'Anelize Teixeira', 'Técnica de Antena e Cabos', 'CSC', 'R', 'Colorado Máquinas Guaíra', 25.0, 90.0, 95.0, 23.75, 5.5, 18.6, 20.0, 5.5, 5.5, 85.0, 85.0, 5.5, 5.5, 12.5, 12.0, 5.5, 20.0, 90.0, 200.0, 22.0, 40.0, 85.0, 92.0, 38.6618, 2000.0, 100.91, 'Coordenador', 1.1, 2200.0, 0, '2022-09-13 12:51:09.499166', 5);
INSERT INTO main_formacao (id, matricula, funcionario, cargo, setor, tipo, filial, ll_peso, ll_meta, ll_atingido, ll_margem, ms_peso, ms_meta, ms_atingido, ms_margem, ec_peso, ec_meta, ec_atingido, ec_margem, dv_peso, dv_meta, dv_atingido, dv_margem, oc_peso, oc_meta, oc_atingido, oc_margem, ii_peso, ii_meta, ii_atingido, ii_margem, salario, margem_total, nome_regua, valor_regua, premio_total, status, cadastro, id_grupo) VALUES(37, '52246800', 'Eduardo Costa Oliveira', 'Motorista', 'Logistica e Transporte', 'R', 'Colorado Máquinas Orlândia', 25.0, 90.0, 95.0, 23.75, 5.5, 18.6, 20.0, 5.5, 5.5, 85.0, 85.0, 5.5, 5.5, 12.5, 12.0, 5.5, 20.0, 90.0, 80.0, 0.0, 40.0, 85.0, 95.0, 40.667, 1800.0, 80.92, 'Colaborador', 0.5, 900.0, 0, '2022-09-13 12:51:09.507145', 5);
INSERT INTO main_formacao (id, matricula, funcionario, cargo, setor, tipo, filial, ll_peso, ll_meta, ll_atingido, ll_margem, ms_peso, ms_meta, ms_atingido, ms_margem, ec_peso, ec_meta, ec_atingido, ec_margem, dv_peso, dv_meta, dv_atingido, dv_margem, oc_peso, oc_meta, oc_atingido, oc_margem, ii_peso, ii_meta, ii_atingido, ii_margem, salario, margem_total, nome_regua, valor_regua, premio_total, status, cadastro, id_grupo) VALUES(38, '52246808', 'Erasmo Pereira', 'Gerente', 'Máquinas 01', 'R', 'Colorado Máquinas Ribeirão Preto', 25.0, 90.0, 95.0, 23.75, 5.5, 18.6, 20.0, 5.5, 5.5, 85.0, 85.0, 5.5, 5.5, 12.5, 12.0, 5.5, 20.0, 90.0, 120.0, 22.0, 40.0, 85.0, 92.0, 38.6618, 1500.0, 100.91, 'Gerente', 1.1, 1650.0000000000002, 0, '2022-09-13 12:51:09.524100', 5);
INSERT INTO main_formacao (id, matricula, funcionario, cargo, setor, tipo, filial, ll_peso, ll_meta, ll_atingido, ll_margem, ms_peso, ms_meta, ms_atingido, ms_margem, ec_peso, ec_meta, ec_atingido, ec_margem, dv_peso, dv_meta, dv_atingido, dv_margem, oc_peso, oc_meta, oc_atingido, oc_margem, ii_peso, ii_meta, ii_atingido, ii_margem, salario, margem_total, nome_regua, valor_regua, premio_total, status, cadastro, id_grupo) VALUES(39, '52246802', 'Gustavo Lisi Dias', 'Analista', 'Tecnologia da Informação', 'D', 'Colorado Máquinas Ribeirão Preto', 25.0, 90.0, 95.0, 23.75, 5.5, 18.6, 20.0, 5.5, 5.5, 85.0, 85.0, 5.5, 5.5, 12.5, 12.0, 5.5, 20.0, 90.0, 98.0, 20.0, 40.0, 85.0, 98.0, 42.67219999999999, 3000.0, 102.92, 'Colaborador', 1.2, 3600.0, 0, '2022-09-13 12:51:09.530084', 5);
INSERT INTO main_formacao (id, matricula, funcionario, cargo, setor, tipo, filial, ll_peso, ll_meta, ll_atingido, ll_margem, ms_peso, ms_meta, ms_atingido, ms_margem, ec_peso, ec_meta, ec_atingido, ec_margem, dv_peso, dv_meta, dv_atingido, dv_margem, oc_peso, oc_meta, oc_atingido, oc_margem, ii_peso, ii_meta, ii_atingido, ii_margem, salario, margem_total, nome_regua, valor_regua, premio_total, status, cadastro, id_grupo) VALUES(40, '52246803', 'Walter Morando', 'Gerente', 'Máquinas 01', 'R', 'Colorado Máquinas Ribeirão Preto', 25.0, 90.0, 95.0, 23.75, 5.5, 18.6, 20.0, 5.5, 5.5, 85.0, 85.0, 5.5, 5.5, 12.5, 12.0, 5.5, 20.0, 90.0, 120.0, 22.0, 40.0, 85.0, 92.0, 38.6618, 3000.0, 100.91, 'Gerente', 1.1, 3300.0000000000005, 0, '2022-09-13 12:51:09.537066', 5);
INSERT INTO main_formacao (id, matricula, funcionario, cargo, setor, tipo, filial, ll_peso, ll_meta, ll_atingido, ll_margem, ms_peso, ms_meta, ms_atingido, ms_margem, ec_peso, ec_meta, ec_atingido, ec_margem, dv_peso, dv_meta, dv_atingido, dv_margem, oc_peso, oc_meta, oc_atingido, oc_margem, ii_peso, ii_meta, ii_atingido, ii_margem, salario, margem_total, nome_regua, valor_regua, premio_total, status, cadastro, id_grupo) VALUES(41, '52246804', 'Anelize Teixeira', 'Técnica de Antena e Cabos', 'CSC', 'R', 'Colorado Máquinas Guaíra', 25.0, 90.0, 95.0, 23.75, 5.5, 18.6, 20.0, 5.5, 5.5, 85.0, 85.0, 5.5, 5.5, 12.5, 12.0, 5.5, 20.0, 90.0, 200.0, 22.0, 40.0, 85.0, 92.0, 38.6618, 2000.0, 100.91, 'Coordenador', 1.1, 2200.0, 0, '2022-09-15 17:15:36.917821', 6);
INSERT INTO main_formacao (id, matricula, funcionario, cargo, setor, tipo, filial, ll_peso, ll_meta, ll_atingido, ll_margem, ms_peso, ms_meta, ms_atingido, ms_margem, ec_peso, ec_meta, ec_atingido, ec_margem, dv_peso, dv_meta, dv_atingido, dv_margem, oc_peso, oc_meta, oc_atingido, oc_margem, ii_peso, ii_meta, ii_atingido, ii_margem, salario, margem_total, nome_regua, valor_regua, premio_total, status, cadastro, id_grupo) VALUES(42, '52246800', 'Eduardo Costa Oliveira', 'Motorista', 'Logistica e Transporte', 'R', 'Colorado Máquinas Orlândia', 25.0, 90.0, 95.0, 23.75, 5.5, 18.6, 20.0, 5.5, 5.5, 85.0, 85.0, 5.5, 5.5, 12.5, 12.0, 5.5, 20.0, 90.0, 80.0, 0.0, 40.0, 85.0, 95.0, 40.667, 1800.0, 80.92, 'Colaborador', 0.5, 900.0, 0, '2022-09-15 17:15:36.932751', 6);
INSERT INTO main_formacao (id, matricula, funcionario, cargo, setor, tipo, filial, ll_peso, ll_meta, ll_atingido, ll_margem, ms_peso, ms_meta, ms_atingido, ms_margem, ec_peso, ec_meta, ec_atingido, ec_margem, dv_peso, dv_meta, dv_atingido, dv_margem, oc_peso, oc_meta, oc_atingido, oc_margem, ii_peso, ii_meta, ii_atingido, ii_margem, salario, margem_total, nome_regua, valor_regua, premio_total, status, cadastro, id_grupo) VALUES(43, '52246808', 'Erasmo Pereira', 'Gerente', 'Máquinas 01', 'R', 'Colorado Máquinas Ribeirão Preto', 25.0, 90.0, 95.0, 23.75, 5.5, 18.6, 20.0, 5.5, 5.5, 85.0, 85.0, 5.5, 5.5, 12.5, 12.0, 5.5, 20.0, 90.0, 120.0, 22.0, 40.0, 85.0, 92.0, 38.6618, 1500.0, 100.91, 'Gerente', 1.1, 1650.0000000000002, 0, '2022-09-15 17:15:36.938179', 6);
INSERT INTO main_formacao (id, matricula, funcionario, cargo, setor, tipo, filial, ll_peso, ll_meta, ll_atingido, ll_margem, ms_peso, ms_meta, ms_atingido, ms_margem, ec_peso, ec_meta, ec_atingido, ec_margem, dv_peso, dv_meta, dv_atingido, dv_margem, oc_peso, oc_meta, oc_atingido, oc_margem, ii_peso, ii_meta, ii_atingido, ii_margem, salario, margem_total, nome_regua, valor_regua, premio_total, status, cadastro, id_grupo) VALUES(44, '52246802', 'Gustavo Lisi Dias', 'Analista', 'Tecnologia da Informação', 'D', 'Colorado Máquinas Ribeirão Preto', 25.0, 90.0, 95.0, 23.75, 5.5, 18.6, 20.0, 5.5, 5.5, 85.0, 85.0, 5.5, 5.5, 12.5, 12.0, 5.5, 20.0, 90.0, 98.0, 20.0, 40.0, 85.0, 98.0, 42.67219999999999, 3000.0, 102.92, 'Colaborador', 1.2, 3600.0, 0, '2022-09-15 17:15:36.945160', 6);
INSERT INTO main_formacao (id, matricula, funcionario, cargo, setor, tipo, filial, ll_peso, ll_meta, ll_atingido, ll_margem, ms_peso, ms_meta, ms_atingido, ms_margem, ec_peso, ec_meta, ec_atingido, ec_margem, dv_peso, dv_meta, dv_atingido, dv_margem, oc_peso, oc_meta, oc_atingido, oc_margem, ii_peso, ii_meta, ii_atingido, ii_margem, salario, margem_total, nome_regua, valor_regua, premio_total, status, cadastro, id_grupo) VALUES(45, '52246803', 'Walter Morando', 'Gerente', 'Máquinas 01', 'R', 'Colorado Máquinas Ribeirão Preto', 25.0, 90.0, 95.0, 23.75, 5.5, 18.6, 20.0, 5.5, 5.5, 85.0, 85.0, 5.5, 5.5, 12.5, 12.0, 5.5, 20.0, 90.0, 120.0, 22.0, 40.0, 85.0, 92.0, 38.6618, 3000.0, 100.91, 'Gerente', 1.1, 3300.0000000000005, 0, '2022-09-15 17:15:36.953829', 6);

